{"cameraMode":{"drawMode":0,"name":"Shaded","section":"Shading Mode"},"sceneLighting":true,"audioPlay":false,"sceneViewState":{"m_AlwaysRefresh":false,"showFog":true,"showSkybox":true,"showFlares":true,"showImageEffects":true,"showParticleSystems":true,"showVisualEffectGraphs":true,"m_FxEnabled":true},"in2DMode":false,"pivot":{"x":-0.14690017700195313,"y":1.7485138177871705,"z":3.8833119869232179},"rotation":{"x":-0.06422603130340576,"y":-0.9319461584091187,"z":0.20479288697242738,"w":-0.29226410388946535},"size":0.9100252389907837,"orthographic":false}